numero|codigo|cliente_id|vendedor_id|date|direccionentrega|subtotal|valorimpuesto|total|efectivorecibido|cambio|valida|pagada|tipo|cantidad|precio|valorimpuesto|total|facturaventa_id|impuesto_id|itemunidadmedidastock_id|subtotal|ganancia|porcentaje_ganancia|costo|forma_pago
178117|NV000178117|1|2|2024-01-02||8.7053|1.0447|9.75|10.00|0.25|true|true|1|1|7.2500|0.7768|7.2500|178117|1|1145|6.4732|1.3631|18.8014|5.8869|EFECTIVO-9.7500
178118|NV000178118|1|2|2024-01-02||2.4554|0.2946|2.75|10.00|7.25|true|true|1|1|0.6500|0.0696|0.6500|178118|1|985|0.5804|0.1400|21.5385|0.5100|EFECTIVO-2.7500
178118|NV000178118|1|2|2024-01-02||2.4554|0.2946|2.75|10.00|7.25|true|true|1|2|1.0500|0.2250|2.1000|178118|1|1323|1.8750|0.2300|21.9048|0.8200|EFECTIVO-2.7500
178119|NV000178119|1|2|2024-01-02||1.2500|0.1500|1.40|1.40|0.00|true|true|1|2|0.7000|0.1500|1.4000|178119|1|1097|1.2500|0.1496|21.3714|0.5504|EFECTIVO-1.4000
178121|NV000178121|1|2|2024-01-02||6.3392|0.7608|7.10|7.10|0.00|true|true|1|1|1.9000|0.2036|1.9000|178121|1|74|1.6964|0.5500|28.9474|1.3500|EFECTIVO-7.1000
178121|NV000178121|1|2|2024-01-02||6.3392|0.7608|7.10|7.10|0.00|true|true|1|1|0.4000|0.0429|0.4000|178121|1|226|0.3571|0.1200|30.0000|0.2800|EFECTIVO-7.1000
178124|NV000178124|1|2|2024-01-02||11.1607|1.3393|12.50|20.00|7.50|true|true|1|1|2.5000|0.2679|2.5000|178124|1|1519|2.2321|0.6407|25.6280|1.8593|EFECTIVO-12.5000
178125|NV000178125|1|2|2024-01-02||3.5268|0.4232|3.95|10.00|6.05|true|true|1|1|0.4500|0.0482|0.4500|178125|1|1417|0.4018|0.1336|29.6889|0.3164|EFECTIVO-3.9500
178126|NV000178126|1|2|2024-01-02||0.8036|0.0964|0.90|1.00|0.10|true|true|1|3|0.3000|0.0964|0.9000|178126|1|489|0.8036|0.1353|45.1000|0.1647|EFECTIVO-0.9000
178127|NV000178127|1|2|2024-01-02||16.8303|2.0197|18.85|20.00|1.15|true|true|1|1|2.1000|0.2250|2.1000|178127|1|229|1.8750|0.4193|19.9667|1.6807|EFECTIVO-18.8500
178129|NV000178129|1|2|2024-01-02||4.7321|0.5679|5.30|20.00|14.70|true|true|1|1|1.9000|0.2036|1.9000|178129|1|115|1.6964|0.4118|21.6737|1.4882|EFECTIVO-5.3000
178130|NV000178130|1|2|2024-01-02||1.9643|0.2357|2.20|3.00|0.80|true|true|1|1|0.2500|0.0268|0.2500|178130|1|1516|0.2232|0.0647|25.8800|0.1853|EFECTIVO-2.2000
178133|NV000178133|1|2|2024-01-02||1.7857|0.2143|2.00|2.00|0.00|true|true|1|1|0.4500|0.0482|0.4500|178133|1|1198|0.4018|0.2616|58.1333|0.1884|EFECTIVO-2.0000
178134|NV000178134|1|2|2024-01-02||5.9821|0.7179|6.70|7.00|0.30|true|true|1|1|0.7000|0.0750|0.7000|178134|1|1100|0.6250|0.1517|21.6714|0.5483|EFECTIVO-6.7000
178134|NV000178134|1|2|2024-01-02||5.9821|0.7179|6.70|7.00|0.30|true|true|1|2|0.5500|0.1179|1.1000|178134|1|1152|0.9821|0.1358|24.6909|0.4142|EFECTIVO-6.7000
178134|NV000178134|1|2|2024-01-02||5.9821|0.7179|6.70|7.00|0.30|true|true|1|2|1.0000|0.2143|2.0000|178134|1|788|1.7857|0.2120|21.2000|0.7880|EFECTIVO-6.7000
178134|NV000178134|1|2|2024-01-02||5.9821|0.7179|6.70|7.00|0.30|true|true|1|4|0.2500|0.1071|1.0000|178134|1|1520|0.8929|0.0641|25.6400|0.1859|EFECTIVO-6.7000
178137|NV000178137|1|2|2024-01-02||1.3840|0.1660|1.55|2.00|0.45|true|true|1|1|0.5500|0.0589|0.5500|178137|1|1152|0.4911|0.1358|24.6909|0.4142|EFECTIVO-1.5500
178141|NV000178141|1|2|2024-01-02||0.4464|0.0536|0.50|1.00|0.50|true|true|1|1|0.5000|0.0536|0.5000|178141|1|1106|0.4464|0.1254|25.0800|0.3746|EFECTIVO-0.5000
178142|NV000178142|1|2|2024-01-02||0.9376|0.1124|1.05|3.00|1.95|true|true|1|1|0.3000|0.0321|0.3000|178142|1|296|0.2679|0.0994|33.1333|0.2006|EFECTIVO-1.0500
178142|NV000178142|1|2|2024-01-02||0.9376|0.1124|1.05|3.00|1.95|true|true|1|1|0.4500|0.0482|0.4500|178142|1|1417|0.4018|0.1336|29.6889|0.3164|EFECTIVO-1.0500
178142|NV000178142|1|2|2024-01-02||0.9376|0.1124|1.05|3.00|1.95|true|true|1|1|0.3000|0.0321|0.3000|178142|1|489|0.2679|0.1353|45.1000|0.1647|EFECTIVO-1.0500
178144|NV000178144|1|2|2024-01-02||1.0714|0.1286|1.20|1.20|0.00|true|true|1|4|0.3000|0.1286|1.2000|178144|1|489|1.0714|0.1353|45.1000|0.1647|EFECTIVO-1.2000
178145|NV000178145|1|2|2024-01-02||3.8840|0.4660|4.35|5.00|0.65|true|true|1|1|0.9000|0.0964|0.9000|178145|1|303|0.8036|0.2646|29.4000|0.6354|EFECTIVO-4.3500
178145|NV000178145|1|2|2024-01-02||3.8840|0.4660|4.35|5.00|0.65|true|true|1|1|1.0000|0.1071|1.0000|178145|1|629|0.8929|0.4375|43.7500|0.5625|EFECTIVO-4.3500
178147|NV000178147|1|2|2024-01-02||1.5178|0.1822|1.70|2.00|0.30|true|true|1|1|1.1000|0.1179|1.1000|178147|1|271|0.9821|0.2226|20.2364|0.8774|EFECTIVO-1.7000
178148|NV000178148|1|2|2024-01-02||7.4106|0.8894|8.30|10.00|1.70|true|true|1|1|0.5000|0.0536|0.5000|178148|1|839|0.4464|0.1639|32.7800|0.3361|EFECTIVO-8.3000
178149|NV000178149|1|2|2024-01-02||1.7858|0.2142|2.00|10.00|8.00|true|true|1|1|1.0000|0.1071|1.0000|178149|1|744|0.8929|0.2217|22.1700|0.7783|EFECTIVO-2.0000
178150|NV000178150|1|2|2024-01-02||1.2500|0.1500|1.40|1.40|0.00|true|true|1|1|0.5000|0.0536|0.5000|178150|1|785|0.4464|0.1245|24.9000|0.3755|EFECTIVO-1.4000
178156|NV000178156|1|2|2024-01-02||15.6472|1.8778|17.53|20.00|2.47|true|true|1|3|0.6250|0.2009|1.8800|178156|1|985|1.6741|0.1150|18.4000|0.5100|EFECTIVO-17.5300
178156|NV000178156|1|2|2024-01-02||15.6472|1.8778|17.53|20.00|2.47|true|true|1|10|0.9500|1.0179|9.5000|178156|1|744|8.4821|0.1717|18.0737|0.7783|EFECTIVO-17.5300
178159|NV000178159|1|2|2024-01-02||41.5180|4.9820|46.50|50.00|3.50|true|true|1|10|1.8500|1.9821|18.5000|178159|1|753|16.5179|0.3587|19.3892|1.4913|EFECTIVO-46.5000
178160|NV000178160|1|2|2024-01-02||4.4642|0.5358|5.00|5.00|0.00|true|true|1|1|1.1000|0.1179|1.1000|178160|1|1547|0.9821|0.2497|22.7000|0.8503|EFECTIVO-5.0000
178161|NV000178161|1|2|2024-01-02||0.9375|0.1125|1.05|1.05|0.00|true|true|1|1|0.3500|0.0375|0.3500|178161|1|508|0.3125|0.1117|31.9143|0.2383|EFECTIVO-1.0500
178163|NV000178163|1|2|2024-01-02||2.4554|0.2946|2.75|3.00|0.25|true|true|1|1|1.0000|0.1071|1.0000|178163|1|1420|0.8929|0.2198|21.9800|0.7802|EFECTIVO-2.7500
178163|NV000178163|1|2|2024-01-02||2.4554|0.2946|2.75|3.00|0.25|true|true|1|2|0.2500|0.0536|0.5000|178163|1|1516|0.4464|0.0647|25.8800|0.1853|EFECTIVO-2.7500
178164|NV000178164|1|2|2024-01-02||7.5446|0.9054|8.45|8.45|0.00|true|true|1|2|0.7500|0.1607|1.5000|178164|1|912|1.3393|0.2581|34.4133|0.4919|EFECTIVO-8.4500
178164|NV000178164|1|2|2024-01-02||7.5446|0.9054|8.45|8.45|0.00|true|true|1|1|1.0500|0.1125|1.0500|178164|1|1323|0.9375|0.2300|21.9048|0.8200|EFECTIVO-8.4500
178164|NV000178164|1|2|2024-01-02||7.5446|0.9054|8.45|8.45|0.00|true|true|1|1|1.9000|0.2036|1.9000|178164|1|753|1.6964|0.4087|21.5105|1.4913|EFECTIVO-8.4500
178164|NV000178164|1|2|2024-01-02||7.5446|0.9054|8.45|8.45|0.00|true|true|1|1|0.5000|0.0536|0.5000|178164|1|897|0.4464|0.1620|32.4000|0.3380|EFECTIVO-8.4500
178164|NV000178164|1|2|2024-01-02||7.5446|0.9054|8.45|8.45|0.00|true|true|1|4|0.4500|0.1929|1.8000|178164|1|1103|1.6071|0.1386|30.8000|0.3114|EFECTIVO-8.4500
178166|NV000178166|1|2|2024-01-02||13.5715|1.6285|15.20|16.00|0.80|true|true|1|2|2.2500|0.4821|4.5000|178166|1|1265|4.0179|0.9822|43.6533|1.2678|EFECTIVO-15.2000
178166|NV000178166|1|2|2024-01-02||13.5715|1.6285|15.20|16.00|0.80|true|true|1|2|0.4500|0.0964|0.9000|178166|1|1103|0.8036|0.1386|30.8000|0.3114|EFECTIVO-15.2000
178167|NV000178167|1|2|2024-01-02||2.2768|0.2732|2.55|5.00|2.45|true|true|1|1|0.9000|0.0964|0.9000|178167|1|1250|0.8036|0.1879|20.8778|0.7121|EFECTIVO-2.5500
178167|NV000178167|1|2|2024-01-02||2.2768|0.2732|2.55|5.00|2.45|true|true|1|2|0.7000|0.1500|1.4000|178167|1|1097|1.2500|0.1496|21.3714|0.5504|EFECTIVO-2.5500
178167|NV000178167|1|2|2024-01-02||2.2768|0.2732|2.55|5.00|2.45|true|true|1|1|0.2500|0.0268|0.2500|178167|1|880|0.2232|0.0716|28.6400|0.1784|EFECTIVO-2.5500
178168|NV000178168|1|2|2024-01-02||0.8929|0.1071|1.00|1.00|0.00|true|true|1|1|1.0000|0.1071|1.0000|178168|1|788|0.8929|0.2120|21.2000|0.7880|EFECTIVO-1.0000
178169|NV000178169|1|2|2024-01-02||6.2500|0.7500|7.00|10.00|3.00|true|true|1|1|0.2500|0.0268|0.2500|178169|1|1516|0.2232|0.0647|25.8800|0.1853|EFECTIVO-7.0000
178170|NV000178170|1|2|2024-01-02||4.0179|0.4821|4.50|20.00|15.50|true|true|1|2|2.2500|0.4821|4.5000|178170|1|1265|4.0179|0.9822|43.6533|1.2678|EFECTIVO-4.5000
178172|NV000178172|1|2|2024-01-02||0.8929|0.1071|1.00|1.00|0.00|true|true|1|1|1.0000|0.1071|1.0000|178172|1|769|0.8929|0.4515|45.1500|0.5485|EFECTIVO-1.0000
178174|NV000178174|1|2|2024-01-02||2.9464|0.3536|3.30|3.30|0.00|true|true|1|2|0.7000|0.1500|1.4000|178174|1|1426|1.2500|0.1503|21.4714|0.5497|EFECTIVO-3.3000
178174|NV000178174|1|2|2024-01-02||2.9464|0.3536|3.30|3.30|0.00|true|true|1|1|1.9000|0.2036|1.9000|178174|1|693|1.6964|0.4000|21.0526|1.5000|EFECTIVO-3.3000
178176|NV000178176|1|2|2024-01-02||1.6964|0.2036|1.90|2.00|0.10|true|true|1|1|1.9000|0.2036|1.9000|178176|1|1146|1.6964|0.4284|22.5474|1.4716|EFECTIVO-1.9000
178177|NV000178177|1|2|2024-01-02||2.7233|0.3267|3.05|3.25|0.20|true|true|1|1|1.3500|0.1446|1.3500|178177|1|1306|1.2054|0.3651|27.0444|0.9849|EFECTIVO-3.0500
178178|NV000178178|1|2|2024-01-02||3.2589|0.3911|3.65|4.00|0.35|true|true|1|1|0.2500|0.0268|0.2500|178178|1|648|0.2232|0.0703|28.1200|0.1797|EFECTIVO-3.6500
178178|NV000178178|1|2|2024-01-02||3.2589|0.3911|3.65|4.00|0.35|true|true|1|1|1.0000|0.1071|1.0000|178178|1|1420|0.8929|0.2198|21.9800|0.7802|EFECTIVO-3.6500
178178|NV000178178|1|2|2024-01-02||3.2589|0.3911|3.65|4.00|0.35|true|true|1|1|1.9000|0.2036|1.9000|178178|1|74|1.6964|0.5500|28.9474|1.3500|EFECTIVO-3.6500
178180|NV000178180|1|2|2024-01-02||5.7143|0.6857|6.40|20.00|13.60|true|true|1|1|1.9000|0.2036|1.9000|178180|1|74|1.6964|0.5500|28.9474|1.3500|EFECTIVO-6.4000
178180|NV000178180|1|2|2024-01-02||5.7143|0.6857|6.40|20.00|13.60|true|true|1|1|1.1500|0.1232|1.1500|178180|1|307|1.0268|0.3764|32.7304|0.7736|EFECTIVO-6.4000
178183|NV000178183|1|2|2024-01-02||2.8137|0.3378|3.15|4.00|0.85|true|true|1|1|0.7500|0.0804|0.7500|178183|1|529|0.6696|0.2300|30.6667|0.5200|EFECTIVO-3.1500
178183|NV000178183|1|2|2024-01-02||2.8137|0.3378|3.15|4.00|0.85|true|true|1|1|0.7015|0.0752|0.7000|178183|1|520|0.6263|0.3936|56.1083|0.3079|EFECTIVO-3.1500
178183|NV000178183|1|2|2024-01-02||2.8137|0.3378|3.15|4.00|0.85|true|true|1|2|0.2500|0.0536|0.5000|178183|1|1516|0.4464|0.0647|25.8800|0.1853|EFECTIVO-3.1500
178184|NV000178184|1|2|2024-01-02||1.3393|0.1607|1.50|10.00|8.50|true|true|1|1|0.5000|0.0536|0.5000|178184|1|839|0.4464|0.1639|32.7800|0.3361|EFECTIVO-1.5000
178186|NV000178186|1|2|2024-01-02||1.1608|0.1392|1.30|5.00|3.70|true|true|1|1|1.0000|0.1071|1.0000|178186|1|744|0.8929|0.2217|22.1700|0.7783|EFECTIVO-1.3000
178187|NV000178187|1|2|2024-01-02||5.3553|0.6427|6.00|6.00|0.00|true|true|1|1|0.5000|0.0536|0.5000|178187|1|1414|0.4464|0.1255|25.1000|0.3745|EFECTIVO-6.0000
178187|NV000178187|1|2|2024-01-02||5.3553|0.6427|6.00|6.00|0.00|true|true|1|1|0.5000|0.0536|0.5000|178187|1|354|0.4464|0.1639|32.7800|0.3361|EFECTIVO-6.0000
178188|NV000178188|1|2|2024-01-02||6.0000|0.0000|6.00|6.00|0.00|true|true|1|2|3.0000|0.0000|6.0000|178188|2|642|6.0000|0.6000|20.0000|2.4000|EFECTIVO-6.0000
178190|NV000178190|1|2|2024-01-02||4.2857|0.5143|4.80|5.00|0.20|true|true|1|2|1.0000|0.2143|2.0000|178190|1|744|1.7857|0.2217|22.1700|0.7783|EFECTIVO-4.8000
178190|NV000178190|1|2|2024-01-02||4.2857|0.5143|4.80|5.00|0.20|true|true|1|2|0.2500|0.0536|0.5000|178190|1|1520|0.4464|0.0641|25.6400|0.1859|EFECTIVO-4.8000
178190|NV000178190|1|2|2024-01-02||4.2857|0.5143|4.80|5.00|0.20|true|true|1|2|0.6500|0.1393|1.3000|178190|1|985|1.1607|0.1400|21.5385|0.5100|EFECTIVO-4.8000
178190|NV000178190|1|2|2024-01-02||4.2857|0.5143|4.80|5.00|0.20|true|true|1|2|0.5000|0.1071|1.0000|178190|1|897|0.8929|0.1620|32.4000|0.3380|EFECTIVO-4.8000
178191|NV000178191|1|2|2024-01-02||3.1250|0.3750|3.50|5.00|1.50|true|true|1|1|1.9000|0.2036|1.9000|178191|1|115|1.6964|0.4118|21.6737|1.4882|EFECTIVO-3.5000
178191|NV000178191|1|2|2024-01-02||3.1250|0.3750|3.50|5.00|1.50|true|true|1|1|1.0000|0.1071|1.0000|178191|1|604|0.8929|0.2120|21.2000|0.7880|EFECTIVO-3.5000
178194|NV000178194|1|2|2024-01-02||12.9464|1.5536|14.50|14.50|0.00|true|true|1|1|2.5000|0.2679|2.5000|178194|1|1515|2.2321|0.6470|25.8800|1.8530|EFECTIVO-14.5000
178194|NV000178194|1|2|2024-01-02||12.9464|1.5536|14.50|14.50|0.00|true|true|1|3|0.4500|0.1446|1.3500|178194|1|1417|1.2054|0.1336|29.6889|0.3164|EFECTIVO-14.5000
178194|NV000178194|1|2|2024-01-02||12.9464|1.5536|14.50|14.50|0.00|true|true|1|6|0.3000|0.1929|1.8000|178194|1|296|1.6071|0.0994|33.1333|0.2006|EFECTIVO-14.5000
178194|NV000178194|1|2|2024-01-02||12.9464|1.5536|14.50|14.50|0.00|true|true|1|1|1.4500|0.1554|1.4500|178194|1|624|1.2946|0.3124|21.5448|1.1376|EFECTIVO-14.5000
178194|NV000178194|1|2|2024-01-02||12.9464|1.5536|14.50|14.50|0.00|true|true|1|1|1.7000|0.1821|1.7000|178194|1|507|1.5179|0.5083|29.9000|1.1917|EFECTIVO-14.5000
178197|NV000178197|1|2|2024-01-02||2.1875|0.2625|2.45|3.00|0.55|true|true|1|1|0.5500|0.0589|0.5500|178197|1|1368|0.4911|0.1358|24.6909|0.4142|EFECTIVO-2.4500
178197|NV000178197|1|2|2024-01-02||2.1875|0.2625|2.45|3.00|0.55|true|true|1|1|1.4500|0.1554|1.4500|178197|1|624|1.2946|0.3124|21.5448|1.1376|EFECTIVO-2.4500
178199|NV000178199|1|2|2024-01-02||1.6964|0.2036|1.90|2.00|0.10|true|true|1|1|1.9000|0.2036|1.9000|178199|1|693|1.6964|0.4000|21.0526|1.5000|EFECTIVO-1.9000
178201|NV000178201|1|2|2024-01-02||32.0178|3.4822|35.50|35.50|0.00|true|true|1|1|2.5000|0.2679|2.5000|178201|1|1515|2.2321|0.6470|25.8800|1.8530|EFECTIVO-35.5000
178201|NV000178201|1|2|2024-01-02||32.0178|3.4822|35.50|35.50|0.00|true|true|1|3|1.0000|0.3214|3.0000|178201|1|568|2.6786|0.2216|22.1600|0.7784|EFECTIVO-35.5000
178201|NV000178201|1|2|2024-01-02||32.0178|3.4822|35.50|35.50|0.00|true|true|1|3|1.0500|0.3375|3.1500|178201|1|400|2.8125|0.2300|21.9048|0.8200|EFECTIVO-35.5000
178201|NV000178201|1|2|2024-01-02||32.0178|3.4822|35.50|35.50|0.00|true|true|1|1|3.0000|0.0000|3.0000|178201|2|642|3.0000|0.6000|20.0000|2.4000|EFECTIVO-35.5000
178201|NV000178201|1|2|2024-01-02||32.0178|3.4822|35.50|35.50|0.00|true|true|1|3|0.8500|0.2732|2.5500|178201|1|121|2.2768|0.1859|21.8706|0.6641|EFECTIVO-35.5000
178205|NV000178205|1|2|2024-01-02||0.9821|0.1179|1.10|1.10|0.00|true|true|1|2|0.5500|0.1179|1.1000|178205|1|1368|0.9821|0.1358|24.6909|0.4142|EFECTIVO-1.1000
178208|NV000178208|1|2|2024-01-02||4.4642|0.5358|5.00|20.00|15.00|true|true|1|2|1.0000|0.2143|2.0000|178208|1|788|1.7857|0.2120|21.2000|0.7880|EFECTIVO-5.0000
178208|NV000178208|1|2|2024-01-02||4.4642|0.5358|5.00|20.00|15.00|true|true|1|2|0.5500|0.1179|1.1000|178208|1|1152|0.9821|0.1358|24.6909|0.4142|EFECTIVO-5.0000
178210|NV000178210|1|2|2024-01-02||6.7857|0.8143|7.60|7.60|0.00|true|true|1|4|1.9000|0.8143|7.6000|178210|1|115|6.7857|0.4118|21.6737|1.4882|EFECTIVO-7.6000
178211|NV000178211|1|2|2024-01-02||4.0626|0.4874|4.55|10.00|5.45|true|true|1|3|0.5000|0.1607|1.5000|178211|1|1414|1.3393|0.1255|25.1000|0.3745|EFECTIVO-4.5500
178211|NV000178211|1|2|2024-01-02||4.0626|0.4874|4.55|10.00|5.45|true|true|1|3|0.4500|0.1446|1.3500|178211|1|1417|1.2054|0.1336|29.6889|0.3164|EFECTIVO-4.5500
178211|NV000178211|1|2|2024-01-02||4.0626|0.4874|4.55|10.00|5.45|true|true|1|2|0.3500|0.0750|0.7000|178211|1|1507|0.6250|0.0800|22.8571|0.2700|EFECTIVO-4.5500
178212|NV000178212|1|2|2024-01-02||3.9285|0.4715|4.40|5.00|0.60|true|true|1|2|0.7000|0.1500|1.4000|178212|1|1426|1.2500|0.1503|21.4714|0.5497|EFECTIVO-4.4000
178212|NV000178212|1|2|2024-01-02||3.9285|0.4715|4.40|5.00|0.60|true|true|1|1|1.1000|0.1179|1.1000|178212|1|271|0.9821|0.2226|20.2364|0.8774|EFECTIVO-4.4000
178213|NV000178213|1|2|2024-01-02||0.8929|0.1071|1.00|1.00|0.00|true|true|1|1|1.0000|0.1071|1.0000|178213|1|788|0.8929|0.2120|21.2000|0.7880|EFECTIVO-1.0000
178214|NV000178214|1|2|2024-01-02||3.6161|0.4339|4.05|5.00|0.95|true|true|1|1|1.9000|0.2036|1.9000|178214|1|115|1.6964|0.4118|21.6737|1.4882|EFECTIVO-4.0500
178214|NV000178214|1|2|2024-01-02||3.6161|0.4339|4.05|5.00|0.95|true|true|1|1|0.4500|0.0482|0.4500|178214|1|1417|0.4018|0.1336|29.6889|0.3164|EFECTIVO-4.0500
178216|NV000178216|1|2|2024-01-02||0.2232|0.0268|0.25|0.25|0.00|true|true|1|1|0.2500|0.0268|0.2500|178216|1|1516|0.2232|0.0647|25.8800|0.1853|EFECTIVO-0.2500
178217|NV000178217|1|2|2024-01-02||1.8750|0.2250|2.10|2.10|0.00|true|true|1|1|0.9000|0.0964|0.9000|178217|1|1250|0.8036|0.1879|20.8778|0.7121|EFECTIVO-2.1000
178217|NV000178217|1|2|2024-01-02||1.8750|0.2250|2.10|2.10|0.00|true|true|1|1|0.7000|0.0750|0.7000|178217|1|1100|0.6250|0.1517|21.6714|0.5483|EFECTIVO-2.1000
178220|NV000178220|1|2|2024-01-02||2.1429|0.2571|2.40|2.40|0.00|true|true|1|3|0.7000|0.2250|2.1000|178220|1|1426|1.8750|0.1503|21.4714|0.5497|EFECTIVO-2.4000
178220|NV000178220|1|2|2024-01-02||2.1429|0.2571|2.40|2.40|0.00|true|true|1|1|0.3000|0.0321|0.3000|178220|1|296|0.2679|0.0994|33.1333|0.2006|EFECTIVO-2.4000
178221|NV000178221|1|2|2024-01-02||2.0536|0.2464|2.30|2.30|0.00|true|true|1|2|1.1500|0.2464|2.3000|178221|1|38|2.0536|0.2456|21.3565|0.9044|EFECTIVO-2.3000
178222|NV000178222|1|2|2024-01-02||1.3393|0.1607|1.50|2.00|0.50|true|true|1|1|0.5000|0.0536|0.5000|178222|1|354|0.4464|0.1639|32.7800|0.3361|EFECTIVO-1.5000
178223|NV000178223|1|2|2024-01-02||2.4107|0.2893|2.70|3.00|0.30|true|true|1|1|1.7500|0.1875|1.7500|178223|1|67|1.5625|0.4388|25.0743|1.3112|EFECTIVO-2.7000
178223|NV000178223|1|2|2024-01-02||2.4107|0.2893|2.70|3.00|0.30|true|true|1|1|0.5000|0.0536|0.5000|178223|1|354|0.4464|0.1639|32.7800|0.3361|EFECTIVO-2.7000
178223|NV000178223|1|2|2024-01-02||2.4107|0.2893|2.70|3.00|0.30|true|true|1|1|0.4500|0.0482|0.4500|178223|1|1417|0.4018|0.1336|29.6889|0.3164|EFECTIVO-2.7000
178224|NV000178224|1|2|2024-01-02||1.6964|0.2036|1.90|3.00|1.10|true|true|1|1|1.9000|0.2036|1.9000|178224|1|74|1.6964|0.5500|28.9474|1.3500|EFECTIVO-1.9000
178225|NV000178225|1|2|2024-01-02||0.4943|0.0593|0.55|0.60|0.05|true|true|1|1|0.2536|0.0272|0.2500|178225|1|1266|0.2264|0.1268|50.0000|0.1268|EFECTIVO-0.5500
178226|NV000178226|1|2|2024-01-02||2.9018|0.3482|3.25|20.00|16.75|true|true|1|1|1.2500|0.1339|1.2500|178226|1|1228|1.1161|0.3354|26.8320|0.9146|EFECTIVO-3.2500
178226|NV000178226|1|2|2024-01-02||2.9018|0.3482|3.25|20.00|16.75|true|true|1|1|0.4500|0.0482|0.4500|178226|1|1103|0.4018|0.1386|30.8000|0.3114|EFECTIVO-3.2500
178226|NV000178226|1|2|2024-01-02||2.9018|0.3482|3.25|20.00|16.75|true|true|1|1|0.4500|0.0482|0.4500|178226|1|1198|0.4018|0.2616|58.1333|0.1884|EFECTIVO-3.2500
178227|NV000178227|1|2|2024-01-02||2.4107|0.2893|2.70|2.70|0.00|true|true|1|2|1.0500|0.2250|2.1000|178227|1|1323|1.8750|0.2300|21.9048|0.8200|EFECTIVO-2.7000
178228|NV000178228|1|2|2024-01-02||3.7500|0.4500|4.20|10.00|5.80|true|true|1|1|0.2500|0.0268|0.2500|178228|1|1516|0.2232|0.0647|25.8800|0.1853|EFECTIVO-4.2000
178229|NV000178229|1|2|2024-01-02||3.1250|0.3750|3.50|10.00|6.50|true|true|1|1|0.5000|0.0536|0.5000|178229|1|785|0.4464|0.1245|24.9000|0.3755|EFECTIVO-3.5000
178230|NV000178230|1|2|2024-01-02||1.3393|0.1607|1.50|5.00|3.50|true|true|1|1|0.5000|0.0536|0.5000|178230|1|785|0.4464|0.1245|24.9000|0.3755|EFECTIVO-1.5000
178231|NV000178231|1|2|2024-01-02||1.1161|0.1339|1.25|2.00|0.75|true|true|1|1|0.4500|0.0482|0.4500|178231|1|1417|0.4018|0.1336|29.6889|0.3164|EFECTIVO-1.2500
178231|NV000178231|1|2|2024-01-02||1.1161|0.1339|1.25|2.00|0.75|true|true|1|1|0.3000|0.0321|0.3000|178231|1|296|0.2679|0.0994|33.1333|0.2006|EFECTIVO-1.2500
178232|NV000178232|1|2|2024-01-02||0.8929|0.1071|1.00|1.00|0.00|true|true|1|1|1.0000|0.1071|1.0000|178232|1|769|0.8929|0.4515|45.1500|0.5485|EFECTIVO-1.0000
178233|NV000178233|1|2|2024-01-02||2.3692|0.2844|2.65|3.00|0.35|true|true|1|1|1.9000|0.2036|1.9000|178233|1|753|1.6964|0.4087|21.5105|1.4913|EFECTIVO-2.6500
178233|NV000178233|1|2|2024-01-02||2.3692|0.2844|2.65|3.00|0.35|true|true|1|2|0.2500|0.0536|0.5000|178233|1|1520|0.4464|0.0641|25.6400|0.1859|EFECTIVO-2.6500
178233|NV000178233|1|2|2024-01-02||2.3692|0.2844|2.65|3.00|0.35|true|true|1|1|0.2536|0.0272|0.2500|178233|1|1266|0.2264|0.1268|50.0000|0.1268|EFECTIVO-2.6500
178234|NV000178234|1|2|2024-01-02||1.8304|0.2196|2.05|2.05|0.00|true|true|1|1|1.3500|0.1446|1.3500|178234|1|906|1.2054|0.3883|28.7630|0.9617|EFECTIVO-2.0500
178234|NV000178234|1|2|2024-01-02||1.8304|0.2196|2.05|2.05|0.00|true|true|1|1|0.4500|0.0482|0.4500|178234|1|1103|0.4018|0.1386|30.8000|0.3114|EFECTIVO-2.0500
178234|NV000178234|1|2|2024-01-02||1.8304|0.2196|2.05|2.05|0.00|true|true|1|1|0.2500|0.0268|0.2500|178234|1|1520|0.2232|0.0641|25.6400|0.1859|EFECTIVO-2.0500
178235|NV000178235|1|2|2024-01-02||6.1160|0.7340|6.85|10.00|3.15|true|true|1|4|0.1500|0.0643|0.6000|178235|1|116|0.5357|0.0905|60.3333|0.0595|EFECTIVO-6.8500
178235|NV000178235|1|2|2024-01-02||6.1160|0.7340|6.85|10.00|3.15|true|true|1|1|0.2500|0.0268|0.2500|178235|1|1516|0.2232|0.0647|25.8800|0.1853|EFECTIVO-6.8500
178236|NV000178236|1|2|2024-01-02||3.9285|0.4715|4.40|6.00|1.60|true|true|1|2|1.0000|0.2143|2.0000|178236|1|604|1.7857|0.2120|21.2000|0.7880|EFECTIVO-4.4000
178236|NV000178236|1|2|2024-01-02||3.9285|0.4715|4.40|6.00|1.60|true|true|1|2|0.5500|0.1179|1.1000|178236|1|1368|0.9821|0.1358|24.6909|0.4142|EFECTIVO-4.4000
178237|NV000178237|1|2|2024-01-02||0.6250|0.0750|0.70|1.00|0.30|true|true|1|1|0.7000|0.0750|0.7000|178237|1|1426|0.6250|0.1503|21.4714|0.5497|EFECTIVO-0.7000
178240|NV000178240|1|2|2024-01-02||1.3839|0.1661|1.55|2.25|0.70|true|true|1|1|1.5500|0.1661|1.5500|178240|1|80|1.3839|0.5231|33.7484|1.0269|EFECTIVO-1.5500
178242|NV000178242|1|2|2024-01-02||2.4107|0.2893|2.70|3.00|0.30|true|true|1|1|2.1000|0.2250|2.1000|178242|1|382|1.8750|0.4800|22.8571|1.6200|EFECTIVO-2.7000
178244|NV000178244|1|2|2024-01-02||3.8839|0.4661|4.35|5.00|0.65|true|true|1|1|1.9000|0.2036|1.9000|178244|1|115|1.6964|0.4118|21.6737|1.4882|EFECTIVO-4.3500
178245|NV000178245|1|2|2024-01-02||2.8572|0.3428|3.20|4.00|0.80|true|true|1|1|1.0000|0.1071|1.0000|178245|1|626|0.8929|0.4217|42.1700|0.5783|EFECTIVO-3.2000
178246|NV000178246|1|2|2024-01-02||2.7678|0.3322|3.10|5.00|1.90|true|true|1|1|2.2500|0.2411|2.2500|178246|1|1265|2.0089|0.9822|43.6533|1.2678|EFECTIVO-3.1000
178247|NV000178247|1|2|2024-01-02||4.6428|0.5572|5.20|5.20|0.00|true|true|1|1|1.1000|0.1179|1.1000|178247|1|1547|0.9821|0.2497|22.7000|0.8503|EFECTIVO-5.2000
178249|NV000178249|1|2|2024-01-02||1.1161|0.1339|1.25|2.00|0.75|true|true|1|1|1.0000|0.1071|1.0000|178249|1|1420|0.8929|0.2198|21.9800|0.7802|EFECTIVO-1.2500
178249|NV000178249|1|2|2024-01-02||1.1161|0.1339|1.25|2.00|0.75|true|true|1|1|0.2500|0.0268|0.2500|178249|1|648|0.2232|0.0703|28.1200|0.1797|EFECTIVO-1.2500
178250|NV000178250|1|2|2024-01-02||0.4911|0.0589|0.55|5.00|4.45|true|true|1|1|0.5500|0.0589|0.5500|178250|1|1152|0.4911|0.1358|24.6909|0.4142|EFECTIVO-0.5500
178251|NV000178251|1|2|2024-01-02||17.6786|2.1214|19.80|20.00|0.20|true|true|1|2|0.5500|0.1179|1.1000|178251|1|1152|0.9821|0.1358|24.6909|0.4142|EFECTIVO-19.8000
178251|NV000178251|1|2|2024-01-02||17.6786|2.1214|19.80|20.00|0.20|true|true|1|1|2.0500|0.2196|2.0500|178251|1|838|1.8304|0.3694|18.0195|1.6806|EFECTIVO-19.8000
178251|NV000178251|1|2|2024-01-02||17.6786|2.1214|19.80|20.00|0.20|true|true|1|2|0.9500|0.2036|1.9000|178251|1|788|1.6964|0.1620|17.0526|0.7880|EFECTIVO-19.8000
178252|NV000178252|1|2|2024-01-02||5.5804|0.6696|6.25|20.00|13.75|true|true|1|1|0.5500|0.0589|0.5500|178252|1|1368|0.4911|0.1358|24.6909|0.4142|EFECTIVO-6.2500
178252|NV000178252|1|2|2024-01-02||5.5804|0.6696|6.25|20.00|13.75|true|true|1|1|1.9000|0.2036|1.9000|178252|1|115|1.6964|0.4118|21.6737|1.4882|EFECTIVO-6.2500
178255|NV000178255|1|2|2024-01-02||0.4464|0.0536|0.50|0.50|0.00|true|true|1|1|0.5000|0.0536|0.5000|178255|1|230|0.4464|0.1639|32.7800|0.3361|EFECTIVO-0.5000
178257|NV000178257|1|2|2024-01-02||5.5357|0.6643|6.20|20.00|13.80|true|true|1|1|0.7000|0.0750|0.7000|178257|1|1426|0.6250|0.1503|21.4714|0.5497|EFECTIVO-6.2000
178257|NV000178257|1|2|2024-01-02||5.5357|0.6643|6.20|20.00|13.80|true|true|1|1|1.0000|0.1071|1.0000|178257|1|604|0.8929|0.2120|21.2000|0.7880|EFECTIVO-6.2000
178257|NV000178257|1|2|2024-01-02||5.5357|0.6643|6.20|20.00|13.80|true|true|1|1|2.0000|0.2143|2.0000|178257|1|35|1.7857|0.4289|21.4450|1.5711|EFECTIVO-6.2000
178259|NV000178259|1|2|2024-01-02||0.8929|0.1071|1.00|1.00|0.00|true|true|1|1|1.0000|0.1071|1.0000|178259|1|769|0.8929|0.4515|45.1500|0.5485|EFECTIVO-1.0000
178260|NV000178260|1|2|2024-01-02||4.8660|0.5840|5.45|6.00|0.55|true|true|1|1|0.4000|0.0429|0.4000|178260|1|226|0.3571|0.1200|30.0000|0.2800|EFECTIVO-5.4500
178260|NV000178260|1|2|2024-01-02||4.8660|0.5840|5.45|6.00|0.55|true|true|1|1|0.5000|0.0536|0.5000|178260|1|374|0.4464|0.1256|25.1200|0.3744|EFECTIVO-5.4500
178264|NV000178264|1|2|2024-01-02||3.9732|0.4768|4.45|10.00|5.55|true|true|1|2|1.4500|0.3107|2.9000|178264|1|624|2.5893|0.3124|21.5448|1.1376|EFECTIVO-4.4500
178265|NV000178265|1|2|2024-01-02||0.2232|0.0268|0.25|0.25|0.00|true|true|1|1|0.2500|0.0268|0.2500|178265|1|1520|0.2232|0.0641|25.6400|0.1859|EFECTIVO-0.2500
178268|NV000178268|1|2|2024-01-02||13.0358|1.5642|14.60|20.00|5.40|true|true|1|5|1.0000|0.5357|5.0000|178268|1|556|4.4643|0.3251|32.5100|0.6749|EFECTIVO-14.6000
178268|NV000178268|1|2|2024-01-02||13.0358|1.5642|14.60|20.00|5.40|true|true|1|4|1.9000|0.8143|7.6000|178268|1|693|6.7857|0.4000|21.0526|1.5000|EFECTIVO-14.6000
178268|NV000178268|1|2|2024-01-02||13.0358|1.5642|14.60|20.00|5.40|true|true|1|4|0.2500|0.1071|1.0000|178268|1|1516|0.8929|0.0647|25.8800|0.1853|EFECTIVO-14.6000
178270|NV000178270|1|2|2024-01-02||2.8125|0.3375|3.15|3.15|0.00|true|true|1|1|1.0000|0.1071|1.0000|178270|1|629|0.8929|0.4375|43.7500|0.5625|EFECTIVO-3.1500
178271|NV000178271|1|2|2024-01-02||1.9197|0.2303|2.15|2.15|0.00|true|true|1|1|0.3000|0.0321|0.3000|178271|1|296|0.2679|0.0994|33.1333|0.2006|EFECTIVO-2.1500
178271|NV000178271|1|2|2024-01-02||1.9197|0.2303|2.15|2.15|0.00|true|true|1|1|0.2500|0.0268|0.2500|178271|1|1516|0.2232|0.0647|25.8800|0.1853|EFECTIVO-2.1500
178272|NV000178272|1|2|2024-01-02||3.4821|0.4179|3.90|4.00|0.10|true|true|1|1|0.4500|0.0482|0.4500|178272|1|1417|0.4018|0.1336|29.6889|0.3164|EFECTIVO-3.9000
178272|NV000178272|1|2|2024-01-02||3.4821|0.4179|3.90|4.00|0.10|true|true|1|1|1.9000|0.2036|1.9000|178272|1|74|1.6964|0.5500|28.9474|1.3500|EFECTIVO-3.9000
178273|NV000178273|1|2|2024-01-02||0.9821|0.1179|1.10|1.10|0.00|true|true|1|1|1.1000|0.1179|1.1000|178273|1|1547|0.9821|0.2497|22.7000|0.8503|EFECTIVO-1.1000
178274|NV000178274|1|2|2024-01-02||6.0714|0.7286|6.80|20.00|13.20|true|true|1|2|1.0000|0.2143|2.0000|178274|1|788|1.7857|0.2120|21.2000|0.7880|EFECTIVO-6.8000
178274|NV000178274|1|2|2024-01-02||6.0714|0.7286|6.80|20.00|13.20|true|true|1|2|0.5500|0.1179|1.1000|178274|1|1152|0.9821|0.1358|24.6909|0.4142|EFECTIVO-6.8000
178275|NV000178275|1|2|2024-01-02||2.7232|0.3268|3.05|3.05|0.00|true|true|1|1|0.2500|0.0268|0.2500|178275|1|1516|0.2232|0.0647|25.8800|0.1853|EFECTIVO-3.0500
178277|NV000178277|1|2|2024-01-02||15.4910|1.8590|17.35|20.00|2.65|true|true|1|1|2.5000|0.2679|2.5000|178277|1|1519|2.2321|0.6407|25.6280|1.8593|EFECTIVO-17.3500
178277|NV000178277|1|2|2024-01-02||15.4910|1.8590|17.35|20.00|2.65|true|true|1|1|7.2500|0.7768|7.2500|178277|1|1145|6.4732|1.3631|18.8014|5.8869|EFECTIVO-17.3500
178278|NV000178278|1|2|2024-01-02||0.9821|0.1179|1.10|1.10|0.00|true|true|1|2|0.5500|0.1179|1.1000|178278|1|1152|0.9821|0.1358|24.6909|0.4142|EFECTIVO-1.1000
178279|NV000178279|1|2|2024-01-02||14.6428|1.7572|16.40|20.10|3.70|true|true|1|2|0.2500|0.0536|0.5000|178279|1|1516|0.4464|0.0647|25.8800|0.1853|EFECTIVO-16.4000
178279|NV000178279|1|2|2024-01-02||14.6428|1.7572|16.40|20.10|3.70|true|true|1|6|1.3500|0.8679|8.1000|178279|1|209|7.2321|0.4339|32.1407|0.9161|EFECTIVO-16.4000
178279|NV000178279|1|2|2024-01-02||14.6428|1.7572|16.40|20.10|3.70|true|true|1|3|0.3000|0.0964|0.9000|178279|1|296|0.8036|0.0994|33.1333|0.2006|EFECTIVO-16.4000
178279|NV000178279|1|2|2024-01-02||14.6428|1.7572|16.40|20.10|3.70|true|true|1|4|0.4500|0.1929|1.8000|178279|1|1417|1.6071|0.1336|29.6889|0.3164|EFECTIVO-16.4000
178281|NV000178281|1|2|2024-01-02||5.0000|0.6000|5.60|6.00|0.40|true|true|1|4|0.7000|0.3000|2.8000|178281|1|1097|2.5000|0.1496|21.3714|0.5504|EFECTIVO-5.6000
178284|NV000178284|1|2|2024-01-02||1.6965|0.2035|1.90|2.00|0.10|true|true|1|4|0.2500|0.1071|1.0000|178284|1|1516|0.8929|0.0647|25.8800|0.1853|EFECTIVO-1.9000
178288|NV000178288|1|2|2024-01-02||2.5893|0.3107|2.90|5.00|2.10|true|true|1|1|1.9000|0.2036|1.9000|178288|1|1146|1.6964|0.4284|22.5474|1.4716|EFECTIVO-2.9000
178288|NV000178288|1|2|2024-01-02||2.5893|0.3107|2.90|5.00|2.10|true|true|1|1|1.0000|0.1071|1.0000|178288|1|788|0.8929|0.2120|21.2000|0.7880|EFECTIVO-2.9000
178294|NV000178294|1|2|2024-01-02||7.0537|0.8463|7.90|8.00|0.10|true|true|1|1|1.0000|0.1071|1.0000|178294|1|629|0.8929|0.4375|43.7500|0.5625|EFECTIVO-7.9000
178295|NV000178295|1|2|2024-01-02||3.5714|0.4286|4.00|10.00|6.00|true|true|1|1|0.3000|0.0321|0.3000|178295|1|296|0.2679|0.0994|33.1333|0.2006|EFECTIVO-4.0000
178295|NV000178295|1|2|2024-01-02||3.5714|0.4286|4.00|10.00|6.00|true|true|1|1|1.9000|0.2036|1.9000|178295|1|693|1.6964|0.4000|21.0526|1.5000|EFECTIVO-4.0000
178296|NV000178296|1|2|2024-01-02||0.8036|0.0964|0.90|1.00|0.10|true|true|1|3|0.3000|0.0964|0.9000|178296|1|489|0.8036|0.1353|45.1000|0.1647|EFECTIVO-0.9000
178298|NV000178298|1|2|2024-01-02||4.8661|0.5839|5.45|6.00|0.55|true|true|1|3|1.1500|0.3696|3.4500|178298|1|105|3.0804|0.2833|24.6348|0.8667|EFECTIVO-5.4500
178299|NV000178299|1|2|2024-01-02||4.1518|0.4982|4.65|5.00|0.35|true|true|1|1|1.9000|0.2036|1.9000|178299|1|74|1.6964|0.5500|28.9474|1.3500|EFECTIVO-4.6500
178303|NV000178303|1|2|2024-01-02||2.5000|0.3000|2.80|5.00|2.20|true|true|1|1|1.9000|0.2036|1.9000|178303|1|115|1.6964|0.4118|21.6737|1.4882|EFECTIVO-2.8000
178304|NV000178304|1|2|2024-01-02||11.7410|1.4090|13.15|20.00|6.85|true|true|1|4|0.4500|0.1929|1.8000|178304|1|1417|1.6071|0.1336|29.6889|0.3164|EFECTIVO-13.1500
178305|NV000178305|1|2|2024-01-02||0.4464|0.0536|0.50|0.50|0.00|true|true|1|1|0.2500|0.0268|0.2500|178305|1|1516|0.2232|0.0647|25.8800|0.1853|EFECTIVO-0.5000
178310|NV000178310|1|2|2024-01-03||8.3481|1.0019|9.35|10.00|0.65|true|true|1|1|1.9000|0.2036|1.9000|178310|1|1146|1.6964|0.4284|22.5474|1.4716|EFECTIVO-9.3500
178311|NV000178311|1|2|2024-01-03||2.8571|0.3429|3.20|10.00|6.80|true|true|1|1|1.9000|0.2036|1.9000|178311|1|1146|1.6964|0.4284|22.5474|1.4716|EFECTIVO-3.2000
178311|NV000178311|1|2|2024-01-03||2.8571|0.3429|3.20|10.00|6.80|true|true|1|1|0.2500|0.0268|0.2500|178311|1|1520|0.2232|0.0641|25.6400|0.1859|EFECTIVO-3.2000
178311|NV000178311|1|2|2024-01-03||2.8571|0.3429|3.20|10.00|6.80|true|true|1|1|0.4500|0.0482|0.4500|178311|1|1103|0.4018|0.1386|30.8000|0.3114|EFECTIVO-3.2000
178314|NV000178314|1|2|2024-01-03||2.2767|0.2733|2.55|2.55|0.00|true|true|1|2|0.6000|0.1286|1.2000|178314|1|1062|1.0714|0.1804|30.0667|0.4196|EFECTIVO-2.5500
178314|NV000178314|1|2|2024-01-03||2.2767|0.2733|2.55|2.55|0.00|true|true|1|1|0.2500|0.0268|0.2500|178314|1|1520|0.2232|0.0641|25.6400|0.1859|EFECTIVO-2.5500
178315|NV000178315|1|2|2024-01-03||4.9107|0.5893|5.50|5.50|0.00|true|true|1|1|0.3000|0.0321|0.3000|178315|1|817|0.2679|0.1208|40.2667|0.1792|EFECTIVO-5.5000
178315|NV000178315|1|2|2024-01-03||4.9107|0.5893|5.50|5.50|0.00|true|true|1|1|0.6000|0.0643|0.6000|178315|1|1458|0.5357|0.2393|39.8833|0.3607|EFECTIVO-5.5000
178315|NV000178315|1|2|2024-01-03||4.9107|0.5893|5.50|5.50|0.00|true|true|1|2|0.2500|0.0536|0.5000|178315|1|1520|0.4464|0.0641|25.6400|0.1859|EFECTIVO-5.5000
178315|NV000178315|1|2|2024-01-03||4.9107|0.5893|5.50|5.50|0.00|true|true|1|4|0.6500|0.2786|2.6000|178315|1|1461|2.3214|0.1511|23.2462|0.4989|EFECTIVO-5.5000
178317|NV000178317|1|2|2024-01-03||1.3840|0.1660|1.55|5.00|3.45|true|true|1|1|1.0000|0.1071|1.0000|178317|1|788|0.8929|0.2120|21.2000|0.7880|EFECTIVO-1.5500
178317|NV000178317|1|2|2024-01-03||1.3840|0.1660|1.55|5.00|3.45|true|true|1|1|0.5500|0.0589|0.5500|178317|1|1152|0.4911|0.1358|24.6909|0.4142|EFECTIVO-1.5500
178318|NV000178318|1|2|2024-01-03||1.6964|0.2036|1.90|20.00|18.10|true|true|1|1|1.9000|0.2036|1.9000|178318|1|74|1.6964|0.5500|28.9474|1.3500|EFECTIVO-1.9000
178319|NV000178319|1|2|2024-01-03||8.1251|0.9749|9.10|10.10|1.00|true|true|1|5|0.5500|0.2946|2.7500|178319|1|1368|2.4554|0.1358|24.6909|0.4142|EFECTIVO-9.1000
178321|NV000178321|1|2|2024-01-03||5.3571|0.6429|6.00|6.00|0.00|true|true|1|3|0.2500|0.0804|0.7500|178321|1|1516|0.6696|0.0647|25.8800|0.1853|EFECTIVO-6.0000
178322|NV000178322|1|2|2024-01-03||15.0893|1.8107|16.90|20.00|3.10|true|true|1|1|7.3000|0.7821|7.3000|178322|1|1145|6.5179|1.4131|19.3575|5.8869|EFECTIVO-16.9000
178322|NV000178322|1|2|2024-01-03||15.0893|1.8107|16.90|20.00|3.10|true|true|1|3|0.5000|0.1607|1.5000|178322|1|785|1.3393|0.1245|24.9000|0.3755|EFECTIVO-16.9000
178322|NV000178322|1|2|2024-01-03||15.0893|1.8107|16.90|20.00|3.10|true|true|1|2|0.7000|0.1500|1.4000|178322|1|1097|1.2500|0.1496|21.3714|0.5504|EFECTIVO-16.9000
178324|NV000178324|1|2|2024-01-03||2.0089|0.2411|2.25|10.00|7.75|true|true|1|1|2.2500|0.2411|2.2500|178324|1|96|2.0089|0.9821|43.6489|1.2679|EFECTIVO-2.2500
178325|NV000178325|1|2|2024-01-03||1.5625|0.1875|1.75|5.00|3.25|true|true|1|1|1.7500|0.1875|1.7500|178325|1|225|1.5625|0.3500|20.0000|1.4000|EFECTIVO-1.7500
178327|NV000178327|1|2|2024-01-03||3.3035|0.3965|3.70|4.00|0.30|true|true|1|1|1.9000|0.2036|1.9000|178327|1|74|1.6964|0.5500|28.9474|1.3500|EFECTIVO-3.7000
178332|NV000178332|1|2|2024-01-03||4.4196|0.5304|4.95|20.00|15.05|true|true|1|2|0.5500|0.1179|1.1000|178332|1|1152|0.9821|0.1358|24.6909|0.4142|EFECTIVO-4.9500
178334|NV000178334|1|2|2024-01-03||2.0089|0.2411|2.25|3.00|0.75|true|true|1|1|2.2500|0.2411|2.2500|178334|1|96|2.0089|0.9821|43.6489|1.2679|EFECTIVO-2.2500
178335|NV000178335|1|2|2024-01-03||8.0804|0.9696|9.05|0.00|11.00|true|true|1|2|0.5000|0.1071|1.0000|178335|1|230|0.8929|0.1639|32.7800|0.3361|EFECTIVO-9.0500
178336|NV000178336|1|2|2024-01-03||11.6071|1.3929|13.00|20.00|7.00|true|true|1|4|0.8000|0.3429|3.2000|178336|1|1408|2.8571|0.1951|24.3875|0.6049|EFECTIVO-13.0000
178338|NV000178338|1|2|2024-01-03||3.1697|0.3803|3.55|4.00|0.45|true|true|1|2|0.5000|0.1071|1.0000|178338|1|897|0.8929|0.1620|32.4000|0.3380|EFECTIVO-3.5500
178338|NV000178338|1|2|2024-01-03||3.1697|0.3803|3.55|4.00|0.45|true|true|1|1|0.3000|0.0321|0.3000|178338|1|1020|0.2679|0.0963|32.1000|0.2037|EFECTIVO-3.5500
178338|NV000178338|1|2|2024-01-03||3.1697|0.3803|3.55|4.00|0.45|true|true|1|1|2.2500|0.2411|2.2500|178338|1|1265|2.0089|0.9822|43.6533|1.2678|EFECTIVO-3.5500
178339|NV000178339|1|2|2024-01-03||3.0804|0.3696|3.45|3.45|0.00|true|true|1|1|3.4500|0.3696|3.4500|178339|1|548|3.0804|0.7045|20.4203|2.7455|EFECTIVO-3.4500
178341|NV000178341|1|2|2024-01-03||3.7500|0.4500|4.20|5.00|0.80|true|true|1|1|0.4500|0.0482|0.4500|178341|1|1417|0.4018|0.1336|29.6889|0.3164|EFECTIVO-4.2000
178341|NV000178341|1|2|2024-01-03||3.7500|0.4500|4.20|5.00|0.80|true|true|1|3|0.6500|0.2089|1.9500|178341|1|388|1.7411|0.1448|22.2769|0.5052|EFECTIVO-4.2000
178341|NV000178341|1|2|2024-01-03||3.7500|0.4500|4.20|5.00|0.80|true|true|1|2|0.3000|0.0643|0.6000|178341|1|296|0.5357|0.0994|33.1333|0.2006|EFECTIVO-4.2000
178342|NV000178342|1|2|2024-01-03||1.3393|0.1607|1.50|2.00|0.50|true|true|1|3|0.5000|0.1607|1.5000|178342|1|897|1.3393|0.1620|32.4000|0.3380|EFECTIVO-1.5000
178343|NV000178343|1|2|2024-01-03||13.4822|1.6178|15.10|15.10|0.00|true|true|1|2|0.9500|0.2036|1.9000|178343|1|788|1.6964|0.1620|17.0526|0.7880|EFECTIVO-15.1000
178346|NV000178346|1|2|2024-01-03||0.6250|0.0750|0.70|1.00|0.30|true|true|1|1|0.7000|0.0750|0.7000|178346|1|470|0.6250|0.2295|32.7857|0.4705|EFECTIVO-0.7000
178349|NV000178349|1|2|2024-01-03||13.3928|1.6072|15.00|15.00|0.00|true|true|1|4|2.2500|0.9643|9.0000|178349|1|96|8.0357|0.9821|43.6489|1.2679|EFECTIVO-15.0000
178351|NV000178351|1|2|2024-01-03||3.3036|0.3964|3.70|4.00|0.30|true|true|1|1|1.0000|0.1071|1.0000|178351|1|568|0.8929|0.2216|22.1600|0.7784|EFECTIVO-3.7000
178356|NV000178356|1|2|2024-01-03||4.1965|0.5035|4.70|5.00|0.30|true|true|1|2|1.9000|0.4071|3.8000|178356|1|115|3.3929|0.4118|21.6737|1.4882|EFECTIVO-4.7000
178357|NV000178357|1|2|2024-01-03||2.4553|0.2947|2.75|3.00|0.25|true|true|1|1|1.9000|0.2036|1.9000|178357|1|74|1.6964|0.5500|28.9474|1.3500|EFECTIVO-2.7500
178359|NV000178359|1|2|2024-01-03||4.6428|0.5572|5.20|6.00|0.80|true|true|1|2|0.6500|0.1393|1.3000|178359|1|388|1.1607|0.1448|22.2769|0.5052|EFECTIVO-5.2000
178359|NV000178359|1|2|2024-01-03||4.6428|0.5572|5.20|6.00|0.80|true|true|1|2|0.3000|0.0643|0.6000|178359|1|296|0.5357|0.0994|33.1333|0.2006|EFECTIVO-5.2000
178360|NV000178360|1|2|2024-01-03||6.8304|0.8196|7.65|10.00|2.35|true|true|1|1|1.9000|0.2036|1.9000|178360|1|74|1.6964|0.5500|28.9474|1.3500|EFECTIVO-7.6500
178362|NV000178362|1|2|2024-01-03||3.8393|0.4607|4.30|5.00|0.70|true|true|1|1|1.2500|0.1339|1.2500|178362|1|750|1.1161|0.3164|25.3120|0.9336|EFECTIVO-4.3000
178362|NV000178362|1|2|2024-01-03||3.8393|0.4607|4.30|5.00|0.70|true|true|1|4|0.6500|0.2786|2.6000|178362|1|1461|2.3214|0.1511|23.2462|0.4989|EFECTIVO-4.3000
178363|NV000178363|1|2|2024-01-03||3.8392|0.4608|4.30|20.00|15.70|true|true|1|1|0.5500|0.0589|0.5500|178363|1|1152|0.4911|0.1358|24.6909|0.4142|EFECTIVO-4.3000
178363|NV000178363|1|2|2024-01-03||3.8392|0.4608|4.30|20.00|15.70|true|true|1|1|0.5000|0.0536|0.5000|178363|1|839|0.4464|0.1639|32.7800|0.3361|EFECTIVO-4.3000
178364|NV000178364|1|2|2024-01-03||1.2946|0.1554|1.45|5.00|3.55|true|true|1|1|1.4500|0.1554|1.4500|178364|1|624|1.2946|0.3124|21.5448|1.1376|EFECTIVO-1.4500
178366|NV000178366|1|2|2024-01-03||3.8839|0.4661|4.35|5.00|0.65|true|true|1|1|0.2500|0.0268|0.2500|178366|1|1516|0.2232|0.0647|25.8800|0.1853|EFECTIVO-4.3500
178369|NV000178369|1|2|2024-01-03||1.3393|0.1607|1.50|2.00|0.50|true|true|1|1|0.5000|0.0536|0.5000|178369|1|230|0.4464|0.1639|32.7800|0.3361|EFECTIVO-1.5000
178371|NV000178371|1|2|2024-01-03||1.2500|0.1500|1.40|2.00|0.60|true|true|1|1|0.5000|0.0536|0.5000|178371|1|1414|0.4464|0.1255|25.1000|0.3745|EFECTIVO-1.4000
178372|NV000178372|1|2|2024-01-03||0.2679|0.0321|0.30|0.50|0.20|true|true|1|1|0.3000|0.0321|0.3000|178372|1|1020|0.2679|0.0963|32.1000|0.2037|EFECTIVO-0.3000
178373|NV000178373|1|2|2024-01-03||1.0268|0.1232|1.15|20.00|18.85|true|true|1|1|0.8500|0.0911|0.8500|178373|1|121|0.7589|0.1859|21.8706|0.6641|EFECTIVO-1.1500
178373|NV000178373|1|2|2024-01-03||1.0268|0.1232|1.15|20.00|18.85|true|true|1|1|0.3000|0.0321|0.3000|178373|1|427|0.2679|0.1031|34.3667|0.1969|EFECTIVO-1.1500
178374|NV000178374|1|2|2024-01-03||2.2768|0.2732|2.55|2.55|0.00|true|true|1|1|0.9000|0.0964|0.9000|178374|1|1250|0.8036|0.1879|20.8778|0.7121|EFECTIVO-2.5500
178374|NV000178374|1|2|2024-01-03||2.2768|0.2732|2.55|2.55|0.00|true|true|1|1|0.2500|0.0268|0.2500|178374|1|880|0.2232|0.0716|28.6400|0.1784|EFECTIVO-2.5500
178374|NV000178374|1|2|2024-01-03||2.2768|0.2732|2.55|2.55|0.00|true|true|1|2|0.7000|0.1500|1.4000|178374|1|1097|1.2500|0.1496|21.3714|0.5504|EFECTIVO-2.5500
178378|NV000178378|1|2|2024-01-03||0.6250|0.0750|0.70|1.00|0.30|true|true|1|1|0.7000|0.0750|0.7000|178378|1|320|0.6250|0.2100|30.0000|0.4900|EFECTIVO-0.7000
178380|NV000178380|1|2|2024-01-03||2.6786|0.3214|3.00|5.00|2.00|true|true|1|2|0.5000|0.1071|1.0000|178380|1|785|0.8929|0.1245|24.9000|0.3755|EFECTIVO-3.0000
178381|NV000178381|1|2|2024-01-03||4.4642|0.5358|5.00|10.00|5.00|true|true|1|1|1.9000|0.2036|1.9000|178381|1|74|1.6964|0.5500|28.9474|1.3500|EFECTIVO-5.0000
178382|NV000178382|1|2|2024-01-03||4.1071|0.4929|4.60|5.10|0.50|true|true|1|1|1.9000|0.2036|1.9000|178382|1|74|1.6964|0.5500|28.9474|1.3500|EFECTIVO-4.6000
178383|NV000178383|1|2|2024-01-03||0.6250|0.0750|0.70|1.00|0.30|true|true|1|1|0.3000|0.0321|0.3000|178383|1|1307|0.2679|0.1030|34.3333|0.1970|EFECTIVO-0.7000
178383|NV000178383|1|2|2024-01-03||0.6250|0.0750|0.70|1.00|0.30|true|true|1|1|0.4000|0.0429|0.4000|178383|1|835|0.3571|0.1200|30.0000|0.2800|EFECTIVO-0.7000
178385|NV000178385|1|2|2024-01-03||0.4018|0.0482|0.45|1.00|0.55|true|true|1|1|0.4500|0.0482|0.4500|178385|1|154|0.4018|0.1372|30.4889|0.3128|EFECTIVO-0.4500
178386|NV000178386|1|2|2024-01-03||3.3482|0.4018|3.75|10.00|6.25|true|true|1|1|3.7500|0.4018|3.7500|178386|1|735|3.3482|0.7116|18.9760|3.0384|EFECTIVO-3.7500
178389|NV000178389|1|2|2024-01-03||1.3392|0.1608|1.50|2.00|0.50|true|true|1|5|0.1500|0.0804|0.7500|178389|1|116|0.6696|0.0905|60.3333|0.0595|EFECTIVO-1.5000
178391|NV000178391|1|2|2024-01-03||2.2768|0.2732|2.55|3.00|0.45|true|true|1|1|0.7000|0.0750|0.7000|178391|1|1426|0.6250|0.1503|21.4714|0.5497|EFECTIVO-2.5500
178391|NV000178391|1|2|2024-01-03||2.2768|0.2732|2.55|3.00|0.45|true|true|1|1|0.5000|0.0536|0.5000|178391|1|1414|0.4464|0.1255|25.1000|0.3745|EFECTIVO-2.5500
178392|NV000178392|1|2|2024-01-03||0.6250|0.0750|0.70|0.75|0.05|true|true|1|1|0.2500|0.0268|0.2500|178392|1|1516|0.2232|0.0647|25.8800|0.1853|EFECTIVO-0.7000
178393|NV000178393|1|2|2024-01-03||1.2054|0.1446|1.35|2.00|0.65|true|true|1|1|1.3500|0.1446|1.3500|178393|1|1318|1.2054|0.4323|32.0222|0.9177|EFECTIVO-1.3500
178395|NV000178395|1|2|2024-01-03||0.9332|0.1120|1.05|1.05|0.00|true|true|1|1|0.0500|0.0054|0.0500|178395|1|1459|0.0446|0.0428|85.6000|0.0072|EFECTIVO-1.0500
178399|NV000178399|1|2|2024-01-03||0.9821|0.1179|1.10|1.10|0.00|true|true|1|1|1.1000|0.1179|1.1000|178399|1|271|0.9821|0.2226|20.2364|0.8774|EFECTIVO-1.1000
178400|NV000178400|1|2|2024-01-03||4.9108|0.5892|5.50|20.00|14.50|true|true|1|1|1.9000|0.2036|1.9000|178400|1|753|1.6964|0.4087|21.5105|1.4913|EFECTIVO-5.5000
178400|NV000178400|1|2|2024-01-03||4.9108|0.5892|5.50|20.00|14.50|true|true|1|1|1.0000|0.1071|1.0000|178400|1|788|0.8929|0.2120|21.2000|0.7880|EFECTIVO-5.5000
178400|NV000178400|1|2|2024-01-03||4.9108|0.5892|5.50|20.00|14.50|true|true|1|1|1.2500|0.1339|1.2500|178400|1|750|1.1161|0.3164|25.3120|0.9336|EFECTIVO-5.5000
178400|NV000178400|1|2|2024-01-03||4.9108|0.5892|5.50|20.00|14.50|true|true|1|1|1.3500|0.1446|1.3500|178400|1|906|1.2054|0.3883|28.7630|0.9617|EFECTIVO-5.5000
178405|NV000178405|1|2|2024-01-03||2.3214|0.2786|2.60|3.00|0.40|true|true|1|1|0.7000|0.0750|0.7000|178405|1|1097|0.6250|0.1496|21.3714|0.5504|EFECTIVO-2.6000
178405|NV000178405|1|2|2024-01-03||2.3214|0.2786|2.60|3.00|0.40|true|true|1|1|1.9000|0.2036|1.9000|178405|1|1146|1.6964|0.4284|22.5474|1.4716|EFECTIVO-2.6000
178406|NV000178406|1|2|2024-01-03||4.6454|0.5575|5.20|6.00|0.80|true|true|1|1|2.1000|0.2250|2.1000|178406|1|382|1.8750|0.4800|22.8571|1.6200|EFECTIVO-5.2000
178406|NV000178406|1|2|2024-01-03||4.6454|0.5575|5.20|6.00|0.80|true|true|1|1|0.4500|0.0482|0.4500|178406|1|1417|0.4018|0.1336|29.6889|0.3164|EFECTIVO-5.2000
178406|NV000178406|1|2|2024-01-03||4.6454|0.5575|5.20|6.00|0.80|true|true|1|1|0.5000|0.0536|0.5000|178406|1|1414|0.4464|0.1255|25.1000|0.3745|EFECTIVO-5.2000
178407|NV000178407|1|2|2024-01-03||13.5267|1.6233|15.15|15.15|0.00|true|true|1|6|0.4000|0.2571|2.4000|178407|1|1417|2.1429|0.0836|20.9000|0.3164|EFECTIVO-15.1500
178407|NV000178407|1|2|2024-01-03||13.5267|1.6233|15.15|15.15|0.00|true|true|1|6|0.3000|0.1929|1.8000|178407|1|296|1.6071|0.0994|33.1333|0.2006|EFECTIVO-15.1500
178409|NV000178409|1|2|2024-01-03||0.2232|0.0268|0.25|0.25|0.00|true|true|1|1|0.2500|0.0268|0.2500|178409|1|1516|0.2232|0.0647|25.8800|0.1853|EFECTIVO-0.2500
178411|NV000178411|1|2|2024-01-03||3.8392|0.4608|4.30|10.05|5.75|true|true|1|1|2.5000|0.2679|2.5000|178411|1|1515|2.2321|0.6470|25.8800|1.8530|EFECTIVO-4.3000
178412|NV000178412|1|2|2024-01-03||1.5625|0.1875|1.75|2.00|0.25|true|true|1|1|0.4000|0.0429|0.4000|178412|1|835|0.3571|0.1200|30.0000|0.2800|EFECTIVO-1.7500
178412|NV000178412|1|2|2024-01-03||1.5625|0.1875|1.75|2.00|0.25|true|true|1|1|1.3500|0.1446|1.3500|178412|1|1306|1.2054|0.3651|27.0444|0.9849|EFECTIVO-1.7500
178414|NV000178414|1|2|2024-01-03||130.3125|15.6375|145.95|0.00|0.00|true|true|1|1|66.7500|7.1518|66.7500|178414|1|1425|59.5982|11.8327|17.7269|54.9173|CREDITO 8 DIAS-145.9500
178415|NV000178415|1|2|2024-01-03||16.8930|2.0270|18.92|20.00|1.08|true|true|1|1|1.2200|0.1307|1.2200|178415|1|750|1.0893|0.2864|23.4754|0.9336|EFECTIVO-18.9200
178417|NV000178417|1|2|2024-01-03||0.7589|0.0911|0.85|1.00|0.15|true|true|1|1|0.8500|0.0911|0.8500|178417|1|809|0.7589|0.1864|21.9294|0.6636|EFECTIVO-0.8500
178418|NV000178418|1|2|2024-01-03||3.8839|0.4661|4.35|5.00|0.65|true|true|1|1|1.9000|0.2036|1.9000|178418|1|115|1.6964|0.4118|21.6737|1.4882|EFECTIVO-4.3500
178419|NV000178419|1|2|2024-01-03||1.5625|0.1875|1.75|5.00|3.25|true|true|1|1|1.0000|0.1071|1.0000|178419|1|769|0.8929|0.4515|45.1500|0.5485|EFECTIVO-1.7500
178426|NV000178426|1|2|2024-01-03||5.0000|0.6000|5.60|5.60|0.00|true|true|1|4|1.4000|0.6000|5.6000|178426|1|758|5.0000|0.2625|18.7500|1.1375|EFECTIVO-5.6000
178427|NV000178427|1|2|2024-01-03||1.8304|0.2196|2.05|5.05|3.00|true|true|1|1|0.5500|0.0589|0.5500|178427|1|1152|0.4911|0.1358|24.6909|0.4142|EFECTIVO-2.0500
178427|NV000178427|1|2|2024-01-03||1.8304|0.2196|2.05|5.05|3.00|true|true|1|1|0.5000|0.0536|0.5000|178427|1|1122|0.4464|0.1141|22.8200|0.3859|EFECTIVO-2.0500
178427|NV000178427|1|2|2024-01-03||1.8304|0.2196|2.05|5.05|3.00|true|true|1|1|0.5500|0.0589|0.5500|178427|1|806|0.4911|0.1209|21.9818|0.4291|EFECTIVO-2.0500
178427|NV000178427|1|2|2024-01-03||1.8304|0.2196|2.05|5.05|3.00|true|true|1|1|0.4500|0.0482|0.4500|178427|1|1103|0.4018|0.1386|30.8000|0.3114|EFECTIVO-2.0500
178429|NV000178429|1|2|2024-01-03||2.7678|0.3322|3.10|10.00|6.90|true|true|1|2|0.5500|0.1179|1.1000|178429|1|1152|0.9821|0.1358|24.6909|0.4142|EFECTIVO-3.1000
178429|NV000178429|1|2|2024-01-03||2.7678|0.3322|3.10|10.00|6.90|true|true|1|2|1.0000|0.2143|2.0000|178429|1|744|1.7857|0.2217|22.1700|0.7783|EFECTIVO-3.1000
178431|NV000178431|1|2|2024-01-03||2.3214|0.2786|2.60|10.00|7.40|true|true|1|1|0.7000|0.0750|0.7000|178431|1|1097|0.6250|0.1496|21.3714|0.5504|EFECTIVO-2.6000
178433|NV000178433|1|2|2024-01-03||5.4910|0.6590|6.15|10.00|3.85|true|true|1|1|0.5000|0.0536|0.5000|178433|1|354|0.4464|0.1649|32.9800|0.3351|EFECTIVO-6.1500
178435|NV000178435|1|2|2024-01-03||8.2142|0.9858|9.20|10.00|0.80|true|true|1|1|0.3000|0.0321|0.3000|178435|1|296|0.2679|0.0994|33.1333|0.2006|EFECTIVO-9.2000
178435|NV000178435|1|2|2024-01-03||8.2142|0.9858|9.20|10.00|0.80|true|true|1|5|0.5000|0.2679|2.5000|178435|1|1414|2.2321|0.1255|25.1000|0.3745|EFECTIVO-9.2000
178436|NV000178436|1|2|2024-01-03||3.7946|0.4554|4.25|10.00|5.75|true|true|1|2|0.3000|0.0643|0.6000|178436|1|296|0.5357|0.0994|33.1333|0.2006|EFECTIVO-4.2500
178436|NV000178436|1|2|2024-01-03||3.7946|0.4554|4.25|10.00|5.75|true|true|1|2|0.7000|0.1500|1.4000|178436|1|1426|1.2500|0.1508|21.5429|0.5492|EFECTIVO-4.2500
178436|NV000178436|1|2|2024-01-03||3.7946|0.4554|4.25|10.00|5.75|true|true|1|1|2.2500|0.2411|2.2500|178436|1|280|2.0089|0.4402|19.5644|1.8098|EFECTIVO-4.2500
178437|NV000178437|1|2|2024-01-03||0.1339|0.0161|0.15|0.15|0.00|true|true|1|1|0.1500|0.0161|0.1500|178437|1|483|0.1339|0.0850|56.6667|0.0650|EFECTIVO-0.1500
178438|NV000178438|1|2|2024-01-03||4.6874|0.5626|5.25|20.00|14.75|true|true|1|2|1.0000|0.2143|2.0000|178438|1|788|1.7857|0.2120|21.2000|0.7880|EFECTIVO-5.2500
178438|NV000178438|1|2|2024-01-03||4.6874|0.5626|5.25|20.00|14.75|true|true|1|2|0.5500|0.1179|1.1000|178438|1|1152|0.9821|0.1358|24.6909|0.4142|EFECTIVO-5.2500
178441|NV000178441|1|2|2024-01-03||4.9089|0.5891|5.50|10.00|4.50|true|true|1|1|0.5000|0.0536|0.5000|178441|1|230|0.4464|0.1639|32.7800|0.3361|EFECTIVO-5.5000
178443|NV000178443|1|2|2024-01-03||3.3482|0.4018|3.75|4.00|0.25|true|true|1|1|0.5000|0.0536|0.5000|178443|1|289|0.4464|0.0957|19.1400|0.4043|EFECTIVO-3.7500
178443|NV000178443|1|2|2024-01-03||3.3482|0.4018|3.75|4.00|0.25|true|true|1|1|0.2500|0.0268|0.2500|178443|1|1516|0.2232|0.0647|25.8800|0.1853|EFECTIVO-3.7500
178443|NV000178443|1|2|2024-01-03||3.3482|0.4018|3.75|4.00|0.25|true|true|1|1|0.5500|0.0589|0.5500|178443|1|586|0.4911|0.1400|25.4545|0.4100|EFECTIVO-3.7500
